date_id,currency_code,rate_to_chf
20260101,AUD,0.575758
20260101,CAD,0.643988
20260101,CHF,1.002247
20260101,CNY,0.121154
20260101,EUR,0.952473
20260101,GBP,1.120738
20260101,HKD,0.113302
20260101,JPY,0.005742
20260101,SGD,0.646581
20260101,USD,0.87652
20260102,AUD,0.576934
20260102,CAD,0.644373
20260102,CHF,1.00216
20260102,CNY,0.121064
20260102,EUR,0.95318
20260102,GBP,1.120915
20260102,HKD,0.11342
20260102,JPY,0.005711
20260102,SGD,0.648652
20260102,USD,0.878506
20260103,AUD,0.577209
20260103,CAD,0.644609
20260103,CHF,1.003498
20260103,CNY,0.120522
20260103,EUR,0.953588
20260103,GBP,1.119567
20260103,HKD,0.113624
20260103,JPY,0.005725
20260103,SGD,0.646112
20260103,USD,0.878555
20260104,AUD,0.575116
20260104,CAD,0.644335
20260104,CHF,1.003233
20260104,CNY,0.120423
20260104,EUR,0.958462
20260104,GBP,1.117635
20260104,HKD,0.113675
20260104,JPY,0.005733
20260104,SGD,0.645165
20260104,USD,0.878285
20260105,AUD,0.574954
20260105,CAD,0.64444
20260105,CHF,0.999372
20260105,CNY,0.120791
20260105,EUR,0.961174
20260105,GBP,1.121107
20260105,HKD,0.113826
20260105,JPY,0.005722
20260105,SGD,0.645436
20260105,USD,0.880427
20260106,AUD,0.573529
20260106,CAD,0.644832
20260106,CHF,0.997774
20260106,CNY,0.12125
20260106,EUR,0.959183
20260106,GBP,1.120506
20260106,HKD,0.113824
20260106,JPY,0.005719
20260106,SGD,0.644477
20260106,USD,0.879149
20260107,AUD,0.57404
20260107,CAD,0.645403
20260107,CHF,0.998682
20260107,CNY,0.121315
20260107,EUR,0.955543
20260107,GBP,1.120266
20260107,HKD,0.11344
20260107,JPY,0.00572
20260107,SGD,0.64609
20260107,USD,0.880837
20260108,AUD,0.572465
20260108,CAD,0.647144
20260108,CHF,0.995187
20260108,CNY,0.121353
20260108,EUR,0.955184
20260108,GBP,1.119819
20260108,HKD,0.113349
20260108,JPY,0.005723
20260108,SGD,0.648105
20260108,USD,0.882438
20260109,AUD,0.573759
20260109,CAD,0.648229
20260109,CHF,0.994198
20260109,CNY,0.121434
20260109,EUR,0.956909
20260109,GBP,1.121901
20260109,HKD,0.113064
20260109,JPY,0.005717
20260109,SGD,0.650378
20260109,USD,0.879787
20260110,AUD,0.574474
20260110,CAD,0.649798
20260110,CHF,0.992047
20260110,CNY,0.121441
20260110,EUR,0.95642
20260110,GBP,1.120041
20260110,HKD,0.112955
20260110,JPY,0.005704
20260110,SGD,0.652385
20260110,USD,0.879105
20260111,AUD,0.577458
20260111,CAD,0.650873
20260111,CHF,0.992165
20260111,CNY,0.121342
20260111,EUR,0.95628
20260111,GBP,1.117641
20260111,HKD,0.112961
20260111,JPY,0.005729
20260111,SGD,0.654165
20260111,USD,0.874949
20260112,AUD,0.578389
20260112,CAD,0.651666
20260112,CHF,0.992139
20260112,CNY,0.120901
20260112,EUR,0.95514
20260112,GBP,1.117239
20260112,HKD,0.112881
20260112,JPY,0.005737
20260112,SGD,0.654235
20260112,USD,0.874165
20260113,AUD,0.579545
20260113,CAD,0.651495
20260113,CHF,0.990042
20260113,CNY,0.120348
20260113,EUR,0.953167
20260113,GBP,1.117352
20260113,HKD,0.112815
20260113,JPY,0.005733
20260113,SGD,0.654404
20260113,USD,0.873742
20260114,AUD,0.579145
20260114,CAD,0.651605
20260114,CHF,0.991133
20260114,CNY,0.12001
20260114,EUR,0.95499
20260114,GBP,1.114738
20260114,HKD,0.112956
20260114,JPY,0.005721
20260114,SGD,0.653737
20260114,USD,0.87083
20260115,AUD,0.5783
20260115,CAD,0.649651
20260115,CHF,0.990777
20260115,CNY,0.119923
20260115,EUR,0.953946
20260115,GBP,1.11577
20260115,HKD,0.113487
20260115,JPY,0.005718
20260115,SGD,0.652027
20260115,USD,0.869885
20260116,AUD,0.580454
20260116,CAD,0.651383
20260116,CHF,0.989036
20260116,CNY,0.119953
20260116,EUR,0.952872
20260116,GBP,1.117802
20260116,HKD,0.113437
20260116,JPY,0.005715
20260116,SGD,0.652489
20260116,USD,0.871448
20260117,AUD,0.580697
20260117,CAD,0.65455
20260117,CHF,0.989793
20260117,CNY,0.119498
20260117,EUR,0.951746
20260117,GBP,1.120342
20260117,HKD,0.113521
20260117,JPY,0.0057
20260117,SGD,0.651597
20260117,USD,0.871673
20260118,AUD,0.581513
20260118,CAD,0.654429
20260118,CHF,0.992017
20260118,CNY,0.119408
20260118,EUR,0.952446
20260118,GBP,1.121882
20260118,HKD,0.113825
20260118,JPY,0.005689
20260118,SGD,0.653288
20260118,USD,0.873365
20260119,AUD,0.581986
20260119,CAD,0.652986
20260119,CHF,0.990279
20260119,CNY,0.119408
20260119,EUR,0.949881
20260119,GBP,1.123838
20260119,HKD,0.113792
20260119,JPY,0.005672
20260119,SGD,0.653503
20260119,USD,0.871483
20260120,AUD,0.58315
20260120,CAD,0.653516
20260120,CHF,0.988282
20260120,CNY,0.11985
20260120,EUR,0.95289
20260120,GBP,1.125508
20260120,HKD,0.113481
20260120,JPY,0.005684
20260120,SGD,0.654022
20260120,USD,0.871804
20260121,AUD,0.580691
20260121,CAD,0.653068
20260121,CHF,0.990002
20260121,CNY,0.119807
20260121,EUR,0.953014
20260121,GBP,1.127225
20260121,HKD,0.113478
20260121,JPY,0.005683
20260121,SGD,0.654868
20260121,USD,0.873514
20260122,AUD,0.5782
20260122,CAD,0.654497
20260122,CHF,0.988274
20260122,CNY,0.119401
20260122,EUR,0.954971
20260122,GBP,1.13003
20260122,HKD,0.113049
20260122,JPY,0.005694
20260122,SGD,0.657172
20260122,USD,0.869382
20260123,AUD,0.579024
20260123,CAD,0.65203
20260123,CHF,0.989133
20260123,CNY,0.119458
20260123,EUR,0.953825
20260123,GBP,1.131756
20260123,HKD,0.113164
20260123,JPY,0.005694
20260123,SGD,0.657966
20260123,USD,0.869141
20260124,AUD,0.582309
20260124,CAD,0.65448
20260124,CHF,0.9921
20260124,CNY,0.119456
20260124,EUR,0.952975
20260124,GBP,1.126799
20260124,HKD,0.113206
20260124,JPY,0.005699
20260124,SGD,0.657131
20260124,USD,0.871344
20260125,AUD,0.579554
20260125,CAD,0.656676
20260125,CHF,0.991726
20260125,CNY,0.119657
20260125,EUR,0.954407
20260125,GBP,1.123265
20260125,HKD,0.113237
20260125,JPY,0.005699
20260125,SGD,0.658463
20260125,USD,0.872107
20260126,AUD,0.578559
20260126,CAD,0.657376
20260126,CHF,0.992037
20260126,CNY,0.119926
20260126,EUR,0.95309
20260126,GBP,1.122818
20260126,HKD,0.113408
20260126,JPY,0.005709
20260126,SGD,0.658918
20260126,USD,0.872422
20260127,AUD,0.578891
20260127,CAD,0.654146
20260127,CHF,0.991186
20260127,CNY,0.119993
20260127,EUR,0.952479
20260127,GBP,1.123991
20260127,HKD,0.113565
20260127,JPY,0.005711
20260127,SGD,0.655825
20260127,USD,0.873452
20260128,AUD,0.578162
20260128,CAD,0.653668
20260128,CHF,0.991795
20260128,CNY,0.119876
20260128,EUR,0.954305
20260128,GBP,1.120565
20260128,HKD,0.113701
20260128,JPY,0.005706
20260128,SGD,0.652192
20260128,USD,0.875803
20260129,AUD,0.577748
20260129,CAD,0.656047
20260129,CHF,0.988804
20260129,CNY,0.119824
20260129,EUR,0.952004
20260129,GBP,1.122905
20260129,HKD,0.113455
20260129,JPY,0.005702
20260129,SGD,0.651211
20260129,USD,0.876258
20260130,AUD,0.577189
20260130,CAD,0.656302
20260130,CHF,0.985229
20260130,CNY,0.119933
20260130,EUR,0.952688
20260130,GBP,1.123422
20260130,HKD,0.11356
20260130,JPY,0.005682
20260130,SGD,0.652491
20260130,USD,0.873275
20260131,AUD,0.578543
20260131,CAD,0.65495
20260131,CHF,0.984646
20260131,CNY,0.120185
20260131,EUR,0.95081
20260131,GBP,1.129724
20260131,HKD,0.113724
20260131,JPY,0.005691
20260131,SGD,0.652646
20260131,USD,0.875668
20260201,AUD,0.578591
20260201,CAD,0.655195
20260201,CHF,0.979289
20260201,CNY,0.120689
20260201,EUR,0.952086
20260201,GBP,1.129566
20260201,HKD,0.113999
20260201,JPY,0.005679
20260201,SGD,0.651933
20260201,USD,0.876585
20260202,AUD,0.578848
20260202,CAD,0.655249
20260202,CHF,0.981813
20260202,CNY,0.12069
20260202,EUR,0.952361
20260202,GBP,1.13322
20260202,HKD,0.113859
20260202,JPY,0.005675
20260202,SGD,0.6548
20260202,USD,0.877248
20260203,AUD,0.577117
20260203,CAD,0.653379
20260203,CHF,0.984992
20260203,CNY,0.121009
20260203,EUR,0.953117
20260203,GBP,1.135838
20260203,HKD,0.113715
20260203,JPY,0.005671
20260203,SGD,0.652988
20260203,USD,0.877553
20260204,AUD,0.578031
20260204,CAD,0.653302
20260204,CHF,0.985127
20260204,CNY,0.121525
20260204,EUR,0.955876
20260204,GBP,1.137964
20260204,HKD,0.114086
20260204,JPY,0.005644
20260204,SGD,0.653846
20260204,USD,0.879825
20260205,AUD,0.580458
20260205,CAD,0.65478
20260205,CHF,0.983542
20260205,CNY,0.121306
20260205,EUR,0.952745
20260205,GBP,1.138322
20260205,HKD,0.114053
20260205,JPY,0.005655
20260205,SGD,0.652659
20260205,USD,0.877756
20260206,AUD,0.581314
20260206,CAD,0.656262
20260206,CHF,0.98224
20260206,CNY,0.121204
20260206,EUR,0.952647
20260206,GBP,1.135304
20260206,HKD,0.114328
20260206,JPY,0.005648
20260206,SGD,0.652845
20260206,USD,0.879295
20260207,AUD,0.580798
20260207,CAD,0.657868
20260207,CHF,0.982458
20260207,CNY,0.121558
20260207,EUR,0.95012
20260207,GBP,1.134612
20260207,HKD,0.114233
20260207,JPY,0.005648
20260207,SGD,0.650687
20260207,USD,0.879576
20260208,AUD,0.578963
20260208,CAD,0.658415
20260208,CHF,0.981508
20260208,CNY,0.12173
20260208,EUR,0.951243
20260208,GBP,1.137867
20260208,HKD,0.11425
20260208,JPY,0.005628
20260208,SGD,0.650959
20260208,USD,0.875687
20260209,AUD,0.579581
20260209,CAD,0.657411
20260209,CHF,0.983936
20260209,CNY,0.121965
20260209,EUR,0.950978
20260209,GBP,1.139881
20260209,HKD,0.113891
20260209,JPY,0.005624
20260209,SGD,0.649765
20260209,USD,0.873299
20260210,AUD,0.580158
20260210,CAD,0.657344
20260210,CHF,0.982309
20260210,CNY,0.122057
20260210,EUR,0.955734
20260210,GBP,1.139781
20260210,HKD,0.114068
20260210,JPY,0.005632
20260210,SGD,0.651277
20260210,USD,0.871195
20260211,AUD,0.579751
20260211,CAD,0.66042
20260211,CHF,0.983678
20260211,CNY,0.122585
20260211,EUR,0.957331
20260211,GBP,1.139624
20260211,HKD,0.113944
20260211,JPY,0.00563
20260211,SGD,0.649445
20260211,USD,0.872041
20260212,AUD,0.576387
20260212,CAD,0.661371
20260212,CHF,0.982899
20260212,CNY,0.122578
20260212,EUR,0.954678
20260212,GBP,1.13642
20260212,HKD,0.113477
20260212,JPY,0.005627
20260212,SGD,0.64705
20260212,USD,0.869379
20260213,AUD,0.575208
20260213,CAD,0.662569
20260213,CHF,0.979775
20260213,CNY,0.122485
20260213,EUR,0.953946
20260213,GBP,1.138471
20260213,HKD,0.113794
20260213,JPY,0.005669
20260213,SGD,0.64781
20260213,USD,0.871927
20260214,AUD,0.573552
20260214,CAD,0.660969
20260214,CHF,0.981844
20260214,CNY,0.122123
20260214,EUR,0.950473
20260214,GBP,1.138307
20260214,HKD,0.113794
20260214,JPY,0.005678
20260214,SGD,0.64583
20260214,USD,0.87076
20260215,AUD,0.572201
20260215,CAD,0.662767
20260215,CHF,0.983697
20260215,CNY,0.121781
20260215,EUR,0.950114
20260215,GBP,1.138675
20260215,HKD,0.114056
20260215,JPY,0.005665
20260215,SGD,0.648005
20260215,USD,0.872953
20260216,AUD,0.57245
20260216,CAD,0.663103
20260216,CHF,0.983792
20260216,CNY,0.121467
20260216,EUR,0.948242
20260216,GBP,1.138152
20260216,HKD,0.114051
20260216,JPY,0.005662
20260216,SGD,0.648869
20260216,USD,0.872314
20260217,AUD,0.570877
20260217,CAD,0.6656
20260217,CHF,0.983252
20260217,CNY,0.121557
20260217,EUR,0.945173
20260217,GBP,1.138915
20260217,HKD,0.114128
20260217,JPY,0.005654
20260217,SGD,0.646991
20260217,USD,0.872472
20260218,AUD,0.570434
20260218,CAD,0.665006
20260218,CHF,0.983244
20260218,CNY,0.121468
20260218,EUR,0.941353
20260218,GBP,1.138611
20260218,HKD,0.114158
20260218,JPY,0.005654
20260218,SGD,0.645598
20260218,USD,0.876456
20260219,AUD,0.572162
20260219,CAD,0.664845
20260219,CHF,0.982809
20260219,CNY,0.122074
20260219,EUR,0.941025
20260219,GBP,1.13774
20260219,HKD,0.11415
20260219,JPY,0.005661
20260219,SGD,0.644718
20260219,USD,0.874828
20260220,AUD,0.570953
20260220,CAD,0.664448
20260220,CHF,0.980919
20260220,CNY,0.121605
20260220,EUR,0.938908
20260220,GBP,1.139363
20260220,HKD,0.113853
20260220,JPY,0.005672
20260220,SGD,0.643723
20260220,USD,0.875899
20260221,AUD,0.570738
20260221,CAD,0.663482
20260221,CHF,0.981834
20260221,CNY,0.121387
20260221,EUR,0.935412
20260221,GBP,1.13837
20260221,HKD,0.113751
20260221,JPY,0.00567
20260221,SGD,0.642299
20260221,USD,0.873136
20260222,AUD,0.57151
20260222,CAD,0.662965
20260222,CHF,0.982669
20260222,CNY,0.121262
20260222,EUR,0.935585
20260222,GBP,1.143594
20260222,HKD,0.114238
20260222,JPY,0.005644
20260222,SGD,0.641453
20260222,USD,0.872384
20260223,AUD,0.570502
20260223,CAD,0.663187
20260223,CHF,0.982776
20260223,CNY,0.121505
20260223,EUR,0.934471
20260223,GBP,1.144428
20260223,HKD,0.11367
20260223,JPY,0.005656
20260223,SGD,0.642094
20260223,USD,0.869141
20260224,AUD,0.568255
20260224,CAD,0.663168
20260224,CHF,0.981963
20260224,CNY,0.121588
20260224,EUR,0.93145
20260224,GBP,1.147743
20260224,HKD,0.113611
20260224,JPY,0.005659
20260224,SGD,0.640367
20260224,USD,0.869415
20260225,AUD,0.568487
20260225,CAD,0.663696
20260225,CHF,0.980485
20260225,CNY,0.121999
20260225,EUR,0.932541
20260225,GBP,1.147016
20260225,HKD,0.113322
20260225,JPY,0.005661
20260225,SGD,0.639833
20260225,USD,0.865901
20260226,AUD,0.569578
20260226,CAD,0.666748
20260226,CHF,0.979221
20260226,CNY,0.122093
20260226,EUR,0.932031
20260226,GBP,1.146481
20260226,HKD,0.113459
20260226,JPY,0.005645
20260226,SGD,0.639796
20260226,USD,0.867185
20260227,AUD,0.566998
20260227,CAD,0.667678
20260227,CHF,0.979069
20260227,CNY,0.121716
20260227,EUR,0.929762
20260227,GBP,1.147107
20260227,HKD,0.113363
20260227,JPY,0.005655
20260227,SGD,0.639806
20260227,USD,0.867423
20260228,AUD,0.566411
20260228,CAD,0.668554
20260228,CHF,0.975342
20260228,CNY,0.121461
20260228,EUR,0.926049
20260228,GBP,1.140377
20260228,HKD,0.113221
20260228,JPY,0.005647
20260228,SGD,0.642799
20260228,USD,0.868727
20260301,AUD,0.565588
20260301,CAD,0.667467
20260301,CHF,0.972041
20260301,CNY,0.121627
20260301,EUR,0.923598
20260301,GBP,1.138667
20260301,HKD,0.113058
20260301,JPY,0.005635
20260301,SGD,0.643433
20260301,USD,0.87038
20260302,AUD,0.567253
20260302,CAD,0.670399
20260302,CHF,0.972075
20260302,CNY,0.121449
20260302,EUR,0.923906
20260302,GBP,1.13846
20260302,HKD,0.113139
20260302,JPY,0.005613
20260302,SGD,0.644599
20260302,USD,0.869688
20260303,AUD,0.564873
20260303,CAD,0.669225
20260303,CHF,0.970051
20260303,CNY,0.121449
20260303,EUR,0.92556
20260303,GBP,1.137382
20260303,HKD,0.113099
20260303,JPY,0.005606
20260303,SGD,0.644127
20260303,USD,0.869421
20260304,AUD,0.564377
20260304,CAD,0.665888
20260304,CHF,0.971945
20260304,CNY,0.12099
20260304,EUR,0.925162
20260304,GBP,1.140572
20260304,HKD,0.112938
20260304,JPY,0.005606
20260304,SGD,0.64534
20260304,USD,0.871536
20260305,AUD,0.562178
20260305,CAD,0.66612
20260305,CHF,0.971431
20260305,CNY,0.120896
20260305,EUR,0.926299
20260305,GBP,1.144744
20260305,HKD,0.112824
20260305,JPY,0.005612
20260305,SGD,0.643469
20260305,USD,0.872737
20260306,AUD,0.56065
20260306,CAD,0.666726
20260306,CHF,0.971037
20260306,CNY,0.12086
20260306,EUR,0.923997
20260306,GBP,1.143782
20260306,HKD,0.112973
20260306,JPY,0.005614
20260306,SGD,0.644454
20260306,USD,0.872791
20260307,AUD,0.56052
20260307,CAD,0.665302
20260307,CHF,0.973217
20260307,CNY,0.121093
20260307,EUR,0.922359
20260307,GBP,1.143458
20260307,HKD,0.112923
20260307,JPY,0.005588
20260307,SGD,0.645569
20260307,USD,0.872141
20260308,AUD,0.559877
20260308,CAD,0.667443
20260308,CHF,0.975305
20260308,CNY,0.120828
20260308,EUR,0.924959
20260308,GBP,1.144845
20260308,HKD,0.112919
20260308,JPY,0.005571
20260308,SGD,0.646759
20260308,USD,0.877091
20260309,AUD,0.55951
20260309,CAD,0.66485
20260309,CHF,0.975108
20260309,CNY,0.120297
20260309,EUR,0.924735
20260309,GBP,1.144512
20260309,HKD,0.112887
20260309,JPY,0.005577
20260309,SGD,0.647355
20260309,USD,0.87468
20260310,AUD,0.558343
20260310,CAD,0.662452
20260310,CHF,0.974433
20260310,CNY,0.120415
20260310,EUR,0.924816
20260310,GBP,1.14152
20260310,HKD,0.112898
20260310,JPY,0.005589
20260310,SGD,0.645478
20260310,USD,0.874509
20260311,AUD,0.556023
20260311,CAD,0.662309
20260311,CHF,0.977002
20260311,CNY,0.12047
20260311,EUR,0.925812
20260311,GBP,1.13947
20260311,HKD,0.113138
20260311,JPY,0.005598
20260311,SGD,0.644104
20260311,USD,0.876648
20260312,AUD,0.557135
20260312,CAD,0.661705
20260312,CHF,0.974652
20260312,CNY,0.120518
20260312,EUR,0.92484
20260312,GBP,1.143738
20260312,HKD,0.112852
20260312,JPY,0.005602
20260312,SGD,0.645361
20260312,USD,0.877337
20260313,AUD,0.559011
20260313,CAD,0.661302
20260313,CHF,0.971947
20260313,CNY,0.120295
20260313,EUR,0.924165
20260313,GBP,1.142137
20260313,HKD,0.11252
20260313,JPY,0.005602
20260313,SGD,0.643854
20260313,USD,0.875072
20260314,AUD,0.558831
20260314,CAD,0.662231
20260314,CHF,0.97115
20260314,CNY,0.119916
20260314,EUR,0.925763
20260314,GBP,1.14622
20260314,HKD,0.112392
20260314,JPY,0.005604
20260314,SGD,0.64529
20260314,USD,0.873796
20260315,AUD,0.558192
20260315,CAD,0.661984
20260315,CHF,0.968091
20260315,CNY,0.119569
20260315,EUR,0.92753
20260315,GBP,1.146694
20260315,HKD,0.112431
20260315,JPY,0.005596
20260315,SGD,0.644894
20260315,USD,0.876911
20260316,AUD,0.55986
20260316,CAD,0.664193
20260316,CHF,0.966165
20260316,CNY,0.119504
20260316,EUR,0.928201
20260316,GBP,1.14215
20260316,HKD,0.112368
20260316,JPY,0.005575
20260316,SGD,0.642424
20260316,USD,0.879365
20260317,AUD,0.560412
20260317,CAD,0.66182
20260317,CHF,0.967354
20260317,CNY,0.119574
20260317,EUR,0.926555
20260317,GBP,1.142223
20260317,HKD,0.112477
20260317,JPY,0.005562
20260317,SGD,0.6411
20260317,USD,0.877892
20260318,AUD,0.56063
20260318,CAD,0.662694
20260318,CHF,0.969798
20260318,CNY,0.119064
20260318,EUR,0.926463
20260318,GBP,1.145224
20260318,HKD,0.112636
20260318,JPY,0.005586
20260318,SGD,0.640638
20260318,USD,0.874487
20260319,AUD,0.561738
20260319,CAD,0.665964
20260319,CHF,0.969512
20260319,CNY,0.118798
20260319,EUR,0.927148
20260319,GBP,1.146859
20260319,HKD,0.112426
20260319,JPY,0.005608
20260319,SGD,0.645151
20260319,USD,0.874715
20260320,AUD,0.560358
20260320,CAD,0.666294
20260320,CHF,0.969647
20260320,CNY,0.118442
20260320,EUR,0.930886
20260320,GBP,1.145517
20260320,HKD,0.112044
20260320,JPY,0.005595
20260320,SGD,0.646762
20260320,USD,0.878207
20260321,AUD,0.559046
20260321,CAD,0.667598
20260321,CHF,0.967659
20260321,CNY,0.118278
20260321,EUR,0.930034
20260321,GBP,1.146254
20260321,HKD,0.112142
20260321,JPY,0.005587
20260321,SGD,0.648107
20260321,USD,0.879086
20260322,AUD,0.559033
20260322,CAD,0.669722
20260322,CHF,0.969754
20260322,CNY,0.118269
20260322,EUR,0.929197
20260322,GBP,1.146727
20260322,HKD,0.111951
20260322,JPY,0.00558
20260322,SGD,0.645548
20260322,USD,0.879884
20260323,AUD,0.557338
20260323,CAD,0.669971
20260323,CHF,0.969904
20260323,CNY,0.118295
20260323,EUR,0.929056
20260323,GBP,1.144719
20260323,HKD,0.111731
20260323,JPY,0.005583
20260323,SGD,0.645236
20260323,USD,0.879648
20260324,AUD,0.557234
20260324,CAD,0.669601
20260324,CHF,0.967792
20260324,CNY,0.118214
20260324,EUR,0.931815
20260324,GBP,1.142505
20260324,HKD,0.11146
20260324,JPY,0.005571
20260324,SGD,0.6441
20260324,USD,0.879616
20260325,AUD,0.557413
20260325,CAD,0.665623
20260325,CHF,0.967501
20260325,CNY,0.118388
20260325,EUR,0.930872
20260325,GBP,1.14139
20260325,HKD,0.111649
20260325,JPY,0.005599
20260325,SGD,0.644641
20260325,USD,0.879802
20260326,AUD,0.558056
20260326,CAD,0.664544
20260326,CHF,0.967813
20260326,CNY,0.118697
20260326,EUR,0.930053
20260326,GBP,1.135539
20260326,HKD,0.112031
20260326,JPY,0.005596
20260326,SGD,0.644359
20260326,USD,0.87836
20260327,AUD,0.558618
20260327,CAD,0.666309
20260327,CHF,0.969024
20260327,CNY,0.118312
20260327,EUR,0.926985
20260327,GBP,1.133146
20260327,HKD,0.112131
20260327,JPY,0.005593
20260327,SGD,0.644348
20260327,USD,0.877442
20260328,AUD,0.556558
20260328,CAD,0.66639
20260328,CHF,0.972168
20260328,CNY,0.118734
20260328,EUR,0.924927
20260328,GBP,1.131888
20260328,HKD,0.112093
20260328,JPY,0.005618
20260328,SGD,0.646443
20260328,USD,0.874659
20260329,AUD,0.55623
20260329,CAD,0.66507
20260329,CHF,0.973185
20260329,CNY,0.118635
20260329,EUR,0.924164
20260329,GBP,1.13478
20260329,HKD,0.112299
20260329,JPY,0.005627
20260329,SGD,0.644828
20260329,USD,0.8761
20260330,AUD,0.556558
20260330,CAD,0.665738
20260330,CHF,0.969344
20260330,CNY,0.118937
20260330,EUR,0.924241
20260330,GBP,1.132148
20260330,HKD,0.112887
20260330,JPY,0.005633
20260330,SGD,0.644921
20260330,USD,0.875551
20260331,AUD,0.55781
20260331,CAD,0.666064
20260331,CHF,0.968673
20260331,CNY,0.119135
20260331,EUR,0.923323
20260331,GBP,1.134048
20260331,HKD,0.113135
20260331,JPY,0.005615
20260331,SGD,0.64328
20260331,USD,0.878027
20260401,AUD,0.559026
20260401,CAD,0.666959
20260401,CHF,0.97098
20260401,CNY,0.119624
20260401,EUR,0.922929
20260401,GBP,1.134762
20260401,HKD,0.113074
20260401,JPY,0.005634
20260401,SGD,0.645411
20260401,USD,0.877852
20260402,AUD,0.558512
20260402,CAD,0.666853
20260402,CHF,0.968307
20260402,CNY,0.119343
20260402,EUR,0.925634
20260402,GBP,1.133343
20260402,HKD,0.113098
20260402,JPY,0.005631
20260402,SGD,0.648528
20260402,USD,0.882682
20260403,AUD,0.558096
20260403,CAD,0.667906
20260403,CHF,0.969557
20260403,CNY,0.119679
20260403,EUR,0.923196
20260403,GBP,1.13221
20260403,HKD,0.113543
20260403,JPY,0.005612
20260403,SGD,0.650931
20260403,USD,0.883517
20260404,AUD,0.556332
20260404,CAD,0.667017
20260404,CHF,0.965171
20260404,CNY,0.119651
20260404,EUR,0.923843
20260404,GBP,1.13302
20260404,HKD,0.113518
20260404,JPY,0.005612
20260404,SGD,0.652134
20260404,USD,0.879806
20260405,AUD,0.555536
20260405,CAD,0.670151
20260405,CHF,0.96851
20260405,CNY,0.119351
20260405,EUR,0.922905
20260405,GBP,1.132994
20260405,HKD,0.113572
20260405,JPY,0.005597
20260405,SGD,0.651235
20260405,USD,0.877519
20260406,AUD,0.554288
20260406,CAD,0.67127
20260406,CHF,0.966498
20260406,CNY,0.119885
20260406,EUR,0.922504
20260406,GBP,1.137855
20260406,HKD,0.113452
20260406,JPY,0.005596
20260406,SGD,0.650222
20260406,USD,0.874736
20260407,AUD,0.552354
20260407,CAD,0.670898
20260407,CHF,0.968044
20260407,CNY,0.120357
20260407,EUR,0.922602
20260407,GBP,1.134306
20260407,HKD,0.113531
20260407,JPY,0.005603
20260407,SGD,0.651917
20260407,USD,0.873098
20260408,AUD,0.551793
20260408,CAD,0.672076
20260408,CHF,0.966857
20260408,CNY,0.120862
20260408,EUR,0.92278
20260408,GBP,1.132478
20260408,HKD,0.11394
20260408,JPY,0.005604
20260408,SGD,0.650764
20260408,USD,0.868716
20260409,AUD,0.553018
20260409,CAD,0.672283
20260409,CHF,0.971309
20260409,CNY,0.12098
20260409,EUR,0.921243
20260409,GBP,1.13409
20260409,HKD,0.113562
20260409,JPY,0.005591
20260409,SGD,0.654012
20260409,USD,0.868919
20260410,AUD,0.554982
20260410,CAD,0.672871
20260410,CHF,0.97121
20260410,CNY,0.121142
20260410,EUR,0.918618
20260410,GBP,1.132371
20260410,HKD,0.113405
20260410,JPY,0.005584
20260410,SGD,0.654368
20260410,USD,0.869493
20260411,AUD,0.555264
20260411,CAD,0.672127
20260411,CHF,0.972794
20260411,CNY,0.121389
20260411,EUR,0.919994
20260411,GBP,1.13148
20260411,HKD,0.113294
20260411,JPY,0.005588
20260411,SGD,0.656402
20260411,USD,0.867049
20260412,AUD,0.554975
20260412,CAD,0.671774
20260412,CHF,0.968989
20260412,CNY,0.121113
20260412,EUR,0.920164
20260412,GBP,1.13516
20260412,HKD,0.112938
20260412,JPY,0.005596
20260412,SGD,0.655644
20260412,USD,0.865977
20260413,AUD,0.555289
20260413,CAD,0.671202
20260413,CHF,0.968927
20260413,CNY,0.121214
20260413,EUR,0.918408
20260413,GBP,1.135026
20260413,HKD,0.113338
20260413,JPY,0.005595
20260413,SGD,0.655702
20260413,USD,0.864975
20260414,AUD,0.55622
20260414,CAD,0.670645
20260414,CHF,0.96617
20260414,CNY,0.120859
20260414,EUR,0.921736
20260414,GBP,1.133014
20260414,HKD,0.113033
20260414,JPY,0.005607
20260414,SGD,0.656856
20260414,USD,0.865717
20260415,AUD,0.556813
20260415,CAD,0.671387
20260415,CHF,0.961332
20260415,CNY,0.120637
20260415,EUR,0.921689
20260415,GBP,1.132821
20260415,HKD,0.11295
20260415,JPY,0.005608
20260415,SGD,0.65639
20260415,USD,0.870273
20260416,AUD,0.557212
20260416,CAD,0.670298
20260416,CHF,0.960783
20260416,CNY,0.120592
20260416,EUR,0.920335
20260416,GBP,1.129769
20260416,HKD,0.112843
20260416,JPY,0.005608
20260416,SGD,0.657244
20260416,USD,0.869749
20260417,AUD,0.556791
20260417,CAD,0.669322
20260417,CHF,0.960092
20260417,CNY,0.120499
20260417,EUR,0.917642
20260417,GBP,1.128049
20260417,HKD,0.112552
20260417,JPY,0.005619
20260417,SGD,0.656716
20260417,USD,0.871065
20260418,AUD,0.556273
20260418,CAD,0.669595
20260418,CHF,0.963021
20260418,CNY,0.120375
20260418,EUR,0.918397
20260418,GBP,1.127563
20260418,HKD,0.112503
20260418,JPY,0.005641
20260418,SGD,0.657074
20260418,USD,0.870682
20260419,AUD,0.559143
20260419,CAD,0.667781
20260419,CHF,0.964529
20260419,CNY,0.120506
20260419,EUR,0.918758
20260419,GBP,1.123483
20260419,HKD,0.111959
20260419,JPY,0.005651
20260419,SGD,0.655073
20260419,USD,0.872426
20260420,AUD,0.56043
20260420,CAD,0.667522
20260420,CHF,0.963863
20260420,CNY,0.120845
20260420,EUR,0.917452
20260420,GBP,1.123363
20260420,HKD,0.112188
20260420,JPY,0.00563
20260420,SGD,0.6532
20260420,USD,0.872906
20260421,AUD,0.559095
20260421,CAD,0.667701
20260421,CHF,0.964865
20260421,CNY,0.120776
20260421,EUR,0.918445
20260421,GBP,1.122291
20260421,HKD,0.111702
20260421,JPY,0.005636
20260421,SGD,0.65282
20260421,USD,0.870214
20260422,AUD,0.560037
20260422,CAD,0.667927
20260422,CHF,0.966375
20260422,CNY,0.120966
20260422,EUR,0.92193
20260422,GBP,1.119785
20260422,HKD,0.111599
20260422,JPY,0.005633
20260422,SGD,0.65376
20260422,USD,0.867614
20260423,AUD,0.558851
20260423,CAD,0.667564
20260423,CHF,0.964034
20260423,CNY,0.120954
20260423,EUR,0.921314
20260423,GBP,1.120103
20260423,HKD,0.111932
20260423,JPY,0.005629
20260423,SGD,0.654462
20260423,USD,0.863971
20260424,AUD,0.559045
20260424,CAD,0.663071
20260424,CHF,0.964927
20260424,CNY,0.12082
20260424,EUR,0.919614
20260424,GBP,1.120581
20260424,HKD,0.111656
20260424,JPY,0.005635
20260424,SGD,0.654098
20260424,USD,0.861394
20260425,AUD,0.558221
20260425,CAD,0.663101
20260425,CHF,0.965091
20260425,CNY,0.120511
20260425,EUR,0.919674
20260425,GBP,1.118836
20260425,HKD,0.111954
20260425,JPY,0.005625
20260425,SGD,0.652705
20260425,USD,0.860454
20260426,AUD,0.558464
20260426,CAD,0.663456
20260426,CHF,0.966646
20260426,CNY,0.120424
20260426,EUR,0.921978
20260426,GBP,1.117986
20260426,HKD,0.11212
20260426,JPY,0.005629
20260426,SGD,0.653522
20260426,USD,0.858324
20260427,AUD,0.557593
20260427,CAD,0.662092
20260427,CHF,0.968084
20260427,CNY,0.120582
20260427,EUR,0.924877
20260427,GBP,1.119852
20260427,HKD,0.111873
20260427,JPY,0.005617
20260427,SGD,0.655699
20260427,USD,0.858246
20260428,AUD,0.557116
20260428,CAD,0.663142
20260428,CHF,0.969978
20260428,CNY,0.12012
20260428,EUR,0.925524
20260428,GBP,1.117457
20260428,HKD,0.112191
20260428,JPY,0.005615
20260428,SGD,0.656454
20260428,USD,0.859794
20260429,AUD,0.557661
20260429,CAD,0.662646
20260429,CHF,0.971218
20260429,CNY,0.119766
20260429,EUR,0.92587
20260429,GBP,1.122908
20260429,HKD,0.112214
20260429,JPY,0.005619
20260429,SGD,0.654554
20260429,USD,0.858162
20260430,AUD,0.558368
20260430,CAD,0.660932
20260430,CHF,0.972751
20260430,CNY,0.119433
20260430,EUR,0.924432
20260430,GBP,1.12816
20260430,HKD,0.112232
20260430,JPY,0.005625
20260430,SGD,0.652831
20260430,USD,0.858236
20260501,AUD,0.555794
20260501,CAD,0.659971
20260501,CHF,0.974157
20260501,CNY,0.119446
20260501,EUR,0.927454
20260501,GBP,1.123487
20260501,HKD,0.112107
20260501,JPY,0.005628
20260501,SGD,0.652108
20260501,USD,0.853579
20260502,AUD,0.557359
20260502,CAD,0.659747
20260502,CHF,0.976812
20260502,CNY,0.119647
20260502,EUR,0.924643
20260502,GBP,1.12188
20260502,HKD,0.111769
20260502,JPY,0.005603
20260502,SGD,0.654938
20260502,USD,0.852947
20260503,AUD,0.554365
20260503,CAD,0.658534
20260503,CHF,0.975692
20260503,CNY,0.119575
20260503,EUR,0.928023
20260503,GBP,1.124105
20260503,HKD,0.111699
20260503,JPY,0.0056
20260503,SGD,0.653687
20260503,USD,0.850306
20260504,AUD,0.552262
20260504,CAD,0.657476
20260504,CHF,0.97464
20260504,CNY,0.119232
20260504,EUR,0.929237
20260504,GBP,1.127504
20260504,HKD,0.111607
20260504,JPY,0.005622
20260504,SGD,0.65163
20260504,USD,0.849386
20260505,AUD,0.551447
20260505,CAD,0.658267
20260505,CHF,0.976376
20260505,CNY,0.119687
20260505,EUR,0.929758
20260505,GBP,1.128667
20260505,HKD,0.111322
20260505,JPY,0.005635
20260505,SGD,0.649519
20260505,USD,0.848897
20260506,AUD,0.552032
20260506,CAD,0.660398
20260506,CHF,0.976368
20260506,CNY,0.119753
20260506,EUR,0.926926
20260506,GBP,1.126352
20260506,HKD,0.110887
20260506,JPY,0.005622
20260506,SGD,0.649567
20260506,USD,0.846858
20260507,AUD,0.551827
20260507,CAD,0.6592
20260507,CHF,0.977863
20260507,CNY,0.119789
20260507,EUR,0.927286
20260507,GBP,1.127119
20260507,HKD,0.111083
20260507,JPY,0.005644
20260507,SGD,0.648196
20260507,USD,0.851013
20260508,AUD,0.551013
20260508,CAD,0.657821
20260508,CHF,0.976869
20260508,CNY,0.119625
20260508,EUR,0.929701
20260508,GBP,1.134007
20260508,HKD,0.110847
20260508,JPY,0.005641
20260508,SGD,0.648353
20260508,USD,0.853015
20260509,AUD,0.552296
20260509,CAD,0.659993
20260509,CHF,0.974236
20260509,CNY,0.119355
20260509,EUR,0.932478
20260509,GBP,1.127036
20260509,HKD,0.110547
20260509,JPY,0.005648
20260509,SGD,0.64948
20260509,USD,0.850995
20260510,AUD,0.55228
20260510,CAD,0.659161
20260510,CHF,0.97317
20260510,CNY,0.119652
20260510,EUR,0.931589
20260510,GBP,1.125217
20260510,HKD,0.110962
20260510,JPY,0.005656
20260510,SGD,0.649457
20260510,USD,0.849402
20260511,AUD,0.552142
20260511,CAD,0.658402
20260511,CHF,0.971471
20260511,CNY,0.119454
20260511,EUR,0.935427
20260511,GBP,1.121406
20260511,HKD,0.111362
20260511,JPY,0.005682
20260511,SGD,0.649373
20260511,USD,0.851908
20260512,AUD,0.553161
20260512,CAD,0.657726
20260512,CHF,0.970562
20260512,CNY,0.119383
20260512,EUR,0.934464
20260512,GBP,1.119786
20260512,HKD,0.111199
20260512,JPY,0.005684
20260512,SGD,0.650229
20260512,USD,0.853897
20260513,AUD,0.55214
20260513,CAD,0.65773
20260513,CHF,0.971311
20260513,CNY,0.119782
20260513,EUR,0.931221
20260513,GBP,1.115505
20260513,HKD,0.11109
20260513,JPY,0.00568
20260513,SGD,0.651331
20260513,USD,0.855775
20260514,AUD,0.554999
20260514,CAD,0.657873
20260514,CHF,0.968453
20260514,CNY,0.119417
20260514,EUR,0.928907
20260514,GBP,1.110023
20260514,HKD,0.11112
20260514,JPY,0.005662
20260514,SGD,0.651671
20260514,USD,0.860482
20260515,AUD,0.556657
20260515,CAD,0.658453
20260515,CHF,0.966208
20260515,CNY,0.11955
20260515,EUR,0.927753
20260515,GBP,1.107358
20260515,HKD,0.110767
20260515,JPY,0.005664
20260515,SGD,0.652675
20260515,USD,0.858783
20260516,AUD,0.556575
20260516,CAD,0.660256
20260516,CHF,0.96531
20260516,CNY,0.119582
20260516,EUR,0.927965
20260516,GBP,1.10871
20260516,HKD,0.110973
20260516,JPY,0.005648
20260516,SGD,0.652357
20260516,USD,0.85957
20260517,AUD,0.556596
20260517,CAD,0.661261
20260517,CHF,0.964863
20260517,CNY,0.119677
20260517,EUR,0.926609
20260517,GBP,1.112066
20260517,HKD,0.111022
20260517,JPY,0.005647
20260517,SGD,0.653484
20260517,USD,0.858392
20260518,AUD,0.556777
20260518,CAD,0.66263
20260518,CHF,0.966968
20260518,CNY,0.120124
20260518,EUR,0.926169
20260518,GBP,1.109878
20260518,HKD,0.111253
20260518,JPY,0.005642
20260518,SGD,0.651827
20260518,USD,0.856928
20260519,AUD,0.557737
20260519,CAD,0.660132
20260519,CHF,0.966647
20260519,CNY,0.119838
20260519,EUR,0.925851
20260519,GBP,1.110133
20260519,HKD,0.11103
20260519,JPY,0.005638
20260519,SGD,0.650982
20260519,USD,0.8571
20260520,AUD,0.558266
20260520,CAD,0.660832
20260520,CHF,0.96335
20260520,CNY,0.119915
20260520,EUR,0.926701
20260520,GBP,1.109862
20260520,HKD,0.111395
20260520,JPY,0.00564
20260520,SGD,0.652084
20260520,USD,0.859975
20260521,AUD,0.557123
20260521,CAD,0.664403
20260521,CHF,0.966734
20260521,CNY,0.120022
20260521,EUR,0.92307
20260521,GBP,1.109146
20260521,HKD,0.111268
20260521,JPY,0.005641
20260521,SGD,0.650897
20260521,USD,0.858297
20260522,AUD,0.555693
20260522,CAD,0.663228
20260522,CHF,0.966626
20260522,CNY,0.120226
20260522,EUR,0.9225
20260522,GBP,1.11283
20260522,HKD,0.111559
20260522,JPY,0.005653
20260522,SGD,0.650076
20260522,USD,0.860052
20260523,AUD,0.557151
20260523,CAD,0.665212
20260523,CHF,0.968502
20260523,CNY,0.119843
20260523,EUR,0.926078
20260523,GBP,1.110306
20260523,HKD,0.111479
20260523,JPY,0.005656
20260523,SGD,0.652116
20260523,USD,0.859894
20260524,AUD,0.555225
20260524,CAD,0.663797
20260524,CHF,0.968406
20260524,CNY,0.119334
20260524,EUR,0.926051
20260524,GBP,1.113322
20260524,HKD,0.112066
20260524,JPY,0.005648
20260524,SGD,0.652037
20260524,USD,0.85636
20260525,AUD,0.554057
20260525,CAD,0.662831
20260525,CHF,0.967196
20260525,CNY,0.119503
20260525,EUR,0.925283
20260525,GBP,1.117627
20260525,HKD,0.112205
20260525,JPY,0.00565
20260525,SGD,0.652861
20260525,USD,0.857673
20260526,AUD,0.555608
20260526,CAD,0.661657
20260526,CHF,0.974306
20260526,CNY,0.119713
20260526,EUR,0.921753
20260526,GBP,1.115322
20260526,HKD,0.112656
20260526,JPY,0.00564
20260526,SGD,0.653049
20260526,USD,0.856261
20260527,AUD,0.553637
20260527,CAD,0.658726
20260527,CHF,0.971809
20260527,CNY,0.119245
20260527,EUR,0.922078
20260527,GBP,1.118671
20260527,HKD,0.112343
20260527,JPY,0.005627
20260527,SGD,0.653367
20260527,USD,0.855786
20260528,AUD,0.554353
20260528,CAD,0.658132
20260528,CHF,0.973062
20260528,CNY,0.119673
20260528,EUR,0.924992
20260528,GBP,1.123098
20260528,HKD,0.112593
20260528,JPY,0.005606
20260528,SGD,0.653035
20260528,USD,0.85622
20260529,AUD,0.555779
20260529,CAD,0.656454
20260529,CHF,0.973806
20260529,CNY,0.119415
20260529,EUR,0.927652
20260529,GBP,1.124398
20260529,HKD,0.112699
20260529,JPY,0.005602
20260529,SGD,0.654095
20260529,USD,0.856532
20260530,AUD,0.559041
20260530,CAD,0.658042
20260530,CHF,0.973002
20260530,CNY,0.119808
20260530,EUR,0.926008
20260530,GBP,1.124443
20260530,HKD,0.112658
20260530,JPY,0.005609
20260530,SGD,0.655172
20260530,USD,0.857716
20260531,AUD,0.560836
20260531,CAD,0.656153
20260531,CHF,0.974743
20260531,CNY,0.119813
20260531,EUR,0.9234
20260531,GBP,1.12184
20260531,HKD,0.112699
20260531,JPY,0.005609
20260531,SGD,0.656383
20260531,USD,0.857794
20260601,AUD,0.561096
20260601,CAD,0.65324
20260601,CHF,0.976364
20260601,CNY,0.120299
20260601,EUR,0.925656
20260601,GBP,1.119654
20260601,HKD,0.112857
20260601,JPY,0.005619
20260601,SGD,0.655783
20260601,USD,0.856391
20260602,AUD,0.559681
20260602,CAD,0.656161
20260602,CHF,0.976597
20260602,CNY,0.120627
20260602,EUR,0.927304
20260602,GBP,1.121716
20260602,HKD,0.112986
20260602,JPY,0.005616
20260602,SGD,0.65396
20260602,USD,0.858638
20260603,AUD,0.561562
20260603,CAD,0.655814
20260603,CHF,0.977319
20260603,CNY,0.120796
20260603,EUR,0.925786
20260603,GBP,1.127096
20260603,HKD,0.113379
20260603,JPY,0.005608
20260603,SGD,0.655747
20260603,USD,0.859286
20260604,AUD,0.563275
20260604,CAD,0.656055
20260604,CHF,0.976687
20260604,CNY,0.120456
20260604,EUR,0.92608
20260604,GBP,1.131793
20260604,HKD,0.113311
20260604,JPY,0.005598
20260604,SGD,0.654425
20260604,USD,0.859268
20260605,AUD,0.565453
20260605,CAD,0.659518
20260605,CHF,0.974071
20260605,CNY,0.120066
20260605,EUR,0.92803
20260605,GBP,1.128235
20260605,HKD,0.113614
20260605,JPY,0.005625
20260605,SGD,0.652264
20260605,USD,0.859603
20260606,AUD,0.567609
20260606,CAD,0.658708
20260606,CHF,0.971166
20260606,CNY,0.120228
20260606,EUR,0.927829
20260606,GBP,1.128087
20260606,HKD,0.113823
20260606,JPY,0.005612
20260606,SGD,0.651816
20260606,USD,0.859691
20260607,AUD,0.567652
20260607,CAD,0.656282
20260607,CHF,0.972016
20260607,CNY,0.120106
20260607,EUR,0.926398
20260607,GBP,1.126679
20260607,HKD,0.11404
20260607,JPY,0.005614
20260607,SGD,0.652709
20260607,USD,0.85997
20260608,AUD,0.567197
20260608,CAD,0.655736
20260608,CHF,0.971291
20260608,CNY,0.120511
20260608,EUR,0.927714
20260608,GBP,1.126038
20260608,HKD,0.113925
20260608,JPY,0.005617
20260608,SGD,0.653256
20260608,USD,0.857038
20260609,AUD,0.565685
20260609,CAD,0.655511
20260609,CHF,0.973288
20260609,CNY,0.120586
20260609,EUR,0.933009
20260609,GBP,1.124172
20260609,HKD,0.114311
20260609,JPY,0.005605
20260609,SGD,0.6523
20260609,USD,0.855301
20260610,AUD,0.566278
20260610,CAD,0.654872
20260610,CHF,0.971737
20260610,CNY,0.120568
20260610,EUR,0.933969
20260610,GBP,1.118023
20260610,HKD,0.114233
20260610,JPY,0.005602
20260610,SGD,0.652014
20260610,USD,0.856907
20260611,AUD,0.567435
20260611,CAD,0.655463
20260611,CHF,0.974357
20260611,CNY,0.120179
20260611,EUR,0.934244
20260611,GBP,1.120742
20260611,HKD,0.114321
20260611,JPY,0.005597
20260611,SGD,0.649358
20260611,USD,0.857724
20260612,AUD,0.566568
20260612,CAD,0.653459
20260612,CHF,0.971662
20260612,CNY,0.120498
20260612,EUR,0.935312
20260612,GBP,1.120633
20260612,HKD,0.114133
20260612,JPY,0.005578
20260612,SGD,0.648582
20260612,USD,0.856764
20260613,AUD,0.56687
20260613,CAD,0.655111
20260613,CHF,0.97238
20260613,CNY,0.120608
20260613,EUR,0.93233
20260613,GBP,1.11319
20260613,HKD,0.114154
20260613,JPY,0.005588
20260613,SGD,0.650231
20260613,USD,0.857824
20260614,AUD,0.568222
20260614,CAD,0.654745
20260614,CHF,0.969763
20260614,CNY,0.120842
20260614,EUR,0.935925
20260614,GBP,1.115545
20260614,HKD,0.114434
20260614,JPY,0.00557
20260614,SGD,0.650136
20260614,USD,0.85711
20260615,AUD,0.570389
20260615,CAD,0.654302
20260615,CHF,0.968932
20260615,CNY,0.12099
20260615,EUR,0.932538
20260615,GBP,1.116507
20260615,HKD,0.114453
20260615,JPY,0.005568
20260615,SGD,0.652133
20260615,USD,0.857595
20260616,AUD,0.569379
20260616,CAD,0.656805
20260616,CHF,0.972457
20260616,CNY,0.120659
20260616,EUR,0.934004
20260616,GBP,1.112836
20260616,HKD,0.114129
20260616,JPY,0.005565
20260616,SGD,0.653288
20260616,USD,0.853346
20260617,AUD,0.569055
20260617,CAD,0.653949
20260617,CHF,0.973495
20260617,CNY,0.120637
20260617,EUR,0.93719
20260617,GBP,1.110653
20260617,HKD,0.113855
20260617,JPY,0.005544
20260617,SGD,0.653978
20260617,USD,0.854812
20260618,AUD,0.567725
20260618,CAD,0.652966
20260618,CHF,0.974171
20260618,CNY,0.120918
20260618,EUR,0.936794
20260618,GBP,1.106064
20260618,HKD,0.113845
20260618,JPY,0.005545
20260618,SGD,0.652121
20260618,USD,0.85533
20260619,AUD,0.566392
20260619,CAD,0.655134
20260619,CHF,0.973734
20260619,CNY,0.120698
20260619,EUR,0.939992
20260619,GBP,1.105188
20260619,HKD,0.11378
20260619,JPY,0.005533
20260619,SGD,0.650929
20260619,USD,0.853229
20260620,AUD,0.567545
20260620,CAD,0.655732
20260620,CHF,0.973604
20260620,CNY,0.120948
20260620,EUR,0.943485
20260620,GBP,1.107321
20260620,HKD,0.113596
20260620,JPY,0.005516
20260620,SGD,0.649266
20260620,USD,0.857215
20260621,AUD,0.568873
20260621,CAD,0.656528
20260621,CHF,0.970848
20260621,CNY,0.121158
20260621,EUR,0.944693
20260621,GBP,1.106479
20260621,HKD,0.113726
20260621,JPY,0.005489
20260621,SGD,0.648323
20260621,USD,0.860149
20260622,AUD,0.568316
20260622,CAD,0.65602
20260622,CHF,0.970826
20260622,CNY,0.121149
20260622,EUR,0.94554
20260622,GBP,1.107871
20260622,HKD,0.113945
20260622,JPY,0.005474
20260622,SGD,0.64802
20260622,USD,0.863416
20260623,AUD,0.567989
20260623,CAD,0.657474
20260623,CHF,0.970445
20260623,CNY,0.12089
20260623,EUR,0.948592
20260623,GBP,1.107585
20260623,HKD,0.113653
20260623,JPY,0.005459
20260623,SGD,0.64781
20260623,USD,0.862481
20260624,AUD,0.567158
20260624,CAD,0.658409
20260624,CHF,0.973034
20260624,CNY,0.121415
20260624,EUR,0.945497
20260624,GBP,1.107384
20260624,HKD,0.113685
20260624,JPY,0.005432
20260624,SGD,0.649392
20260624,USD,0.862359
20260625,AUD,0.569671
20260625,CAD,0.657206
20260625,CHF,0.973613
20260625,CNY,0.121013
20260625,EUR,0.946338
20260625,GBP,1.105846
20260625,HKD,0.114007
20260625,JPY,0.005435
20260625,SGD,0.645228
20260625,USD,0.862809
20260626,AUD,0.568838
20260626,CAD,0.655478
20260626,CHF,0.972671
20260626,CNY,0.121045
20260626,EUR,0.945942
20260626,GBP,1.104452
20260626,HKD,0.114162
20260626,JPY,0.005432
20260626,SGD,0.644714
20260626,USD,0.861288
20260627,AUD,0.568388
20260627,CAD,0.654149
20260627,CHF,0.972338
20260627,CNY,0.121131
20260627,EUR,0.946209
20260627,GBP,1.103249
20260627,HKD,0.113818
20260627,JPY,0.005437
20260627,SGD,0.64169
20260627,USD,0.864233
20260628,AUD,0.567232
20260628,CAD,0.653899
20260628,CHF,0.972496
20260628,CNY,0.121036
20260628,EUR,0.945656
20260628,GBP,1.104003
20260628,HKD,0.113599
20260628,JPY,0.005434
20260628,SGD,0.64262
20260628,USD,0.864821
20260629,AUD,0.568144
20260629,CAD,0.652817
20260629,CHF,0.971547
20260629,CNY,0.121104
20260629,EUR,0.947236
20260629,GBP,1.104819
20260629,HKD,0.113359
20260629,JPY,0.005418
20260629,SGD,0.642377
20260629,USD,0.860349
20260630,AUD,0.56746
20260630,CAD,0.648544
20260630,CHF,0.974494
20260630,CNY,0.121243
20260630,EUR,0.9479
20260630,GBP,1.103342
20260630,HKD,0.113878
20260630,JPY,0.005397
20260630,SGD,0.641809
20260630,USD,0.86173
